-- phpMyAdmin SQL Dump
-- version 5.2.1
-- https://www.phpmyadmin.net/
--

SET SQL_MODE = "NO_AUTO_VALUE_ON_ZERO";
START TRANSACTION;
SET time_zone = "+00:00";


/*!40101 SET @OLD_CHARACTER_SET_CLIENT=@@CHARACTER_SET_CLIENT */;
/*!40101 SET @OLD_CHARACTER_SET_RESULTS=@@CHARACTER_SET_RESULTS */;
/*!40101 SET @OLD_COLLATION_CONNECTION=@@COLLATION_CONNECTION */;
/*!40101 SET NAMES utf8mb4 */;

--
-- Base de datos: `cide_sena1`
--

-- --------------------------------------------------------

--
-- Estructura de tabla para la tabla `administradores`
--

CREATE TABLE `administradores` (
  `id_usuario` bigint(20) UNSIGNED NOT NULL,
  `nombre` varchar(120) NOT NULL,
  `creado_en` timestamp NOT NULL DEFAULT current_timestamp(),
  `actualizado_en` timestamp NOT NULL DEFAULT current_timestamp() ON UPDATE current_timestamp()
) ENGINE=InnoDB DEFAULT CHARSET=utf8mb4 COLLATE=utf8mb4_unicode_ci;



--
-- Estructura de tabla para la tabla `aprendices`
--

CREATE TABLE `aprendices` (
  `id_aprendiz` bigint(20) UNSIGNED NOT NULL,
  `id_usuario` bigint(20) UNSIGNED DEFAULT NULL,
  `nombre_completo` varchar(120) NOT NULL,
  `ficha` varchar(30) NOT NULL,
  `programa` varchar(160) NOT NULL,
  `id_tipo_documento` int(11) DEFAULT NULL,
  `tipo_documento` varchar(5) DEFAULT NULL,
  `documento` varchar(40) NOT NULL,
  `celular` varchar(30) DEFAULT NULL,
  `correo_institucional` varchar(160) DEFAULT NULL,
  `correo_personal` varchar(160) DEFAULT NULL,
  `contacto_nombre` varchar(160) DEFAULT NULL,
  `contacto_celular` varchar(30) DEFAULT NULL,
  `creado_en` timestamp NOT NULL DEFAULT current_timestamp(),
  `actualizado_en` timestamp NOT NULL DEFAULT current_timestamp() ON UPDATE current_timestamp()
) ENGINE=InnoDB DEFAULT CHARSET=utf8mb4 COLLATE=utf8mb4_unicode_ci;
-----------------------------------------------------

--
-- Estructura de tabla para la tabla `cache`
--

CREATE TABLE `cache` (
  `key` varchar(255) NOT NULL,
  `value` mediumtext NOT NULL,
  `expiration` int(11) NOT NULL
) ENGINE=InnoDB DEFAULT CHARSET=utf8mb4 COLLATE=utf8mb4_unicode_ci;

-- --------------------------------------------------------

--
-- Estructura de tabla para la tabla `cache_locks`
--

CREATE TABLE `cache_locks` (
  `key` varchar(255) NOT NULL,
  `owner` varchar(255) NOT NULL,
  `expiration` int(11) NOT NULL
) ENGINE=InnoDB DEFAULT CHARSET=utf8mb4 COLLATE=utf8mb4_unicode_ci;

-- --------------------------------------------------------

--
-- Estructura de tabla para la tabla `documentos`
--

CREATE TABLE `documentos` (
  `id_documento` int(10) UNSIGNED NOT NULL,
  `id_proyecto` int(10) UNSIGNED NOT NULL,
  `documento` varchar(255) NOT NULL,
  `fecha_subido` timestamp NOT NULL DEFAULT current_timestamp()
) ENGINE=InnoDB DEFAULT CHARSET=utf8mb4 COLLATE=utf8mb4_unicode_ci;

--
-- Volcado de datos para la tabla `documentos`
--

INSERT INTO `documentos` (`id_documento`, `id_proyecto`, `documento`, `fecha_subido`) VALUES
(1, 1, 'informe_agricultura.pdf', '2025-10-20 20:02:30'),
(2, 2, 'app_aprendizaje.pdf', '2025-10-20 20:02:30'),
(3, 3, 'energia_solar.pdf', '2025-10-20 20:02:30'),
(4, 4, 'reporte_ciberseguridad.pdf', '2025-10-20 20:02:30'),
(5, 5, 'robot_educativo.pdf', '2025-10-20 20:02:30');

-- --------------------------------------------------------

--
-- Estructura de tabla para la tabla `failed_jobs`
--

CREATE TABLE `failed_jobs` (
  `id` bigint(20) UNSIGNED NOT NULL,
  `uuid` varchar(255) NOT NULL,
  `connection` text NOT NULL,
  `queue` text NOT NULL,
  `payload` longtext NOT NULL,
  `exception` longtext NOT NULL,
  `failed_at` timestamp NOT NULL DEFAULT current_timestamp()
) ENGINE=InnoDB DEFAULT CHARSET=utf8mb4 COLLATE=utf8mb4_unicode_ci;

-- --------------------------------------------------------

--
-- Estructura de tabla para la tabla `grupos`
--

CREATE TABLE `grupos` (
  `id_grupo` int(10) UNSIGNED NOT NULL,
  `id_proyecto` int(10) UNSIGNED NOT NULL,
  `nombre_grupo` varchar(150) NOT NULL,
  `descripcion` text DEFAULT NULL,
  `estado` enum('ACTIVO','INACTIVO') DEFAULT 'ACTIVO',
  `creado_en` timestamp NOT NULL DEFAULT current_timestamp(),
  `actualizado_en` timestamp NOT NULL DEFAULT current_timestamp() ON UPDATE current_timestamp()
) ENGINE=InnoDB DEFAULT CHARSET=utf8mb4 COLLATE=utf8mb4_unicode_ci;

--
-- Volcado de datos para la tabla `grupos`
--

INSERT INTO `grupos` (`id_grupo`, `id_proyecto`, `nombre_grupo`, `descripcion`, `estado`, `creado_en`, `actualizado_en`) VALUES
(1, 1, 'Semillero IA', 'Grupo de innovación agrícola', 'ACTIVO', '2025-10-20 20:02:37', '2025-10-20 20:02:37'),
(2, 2, 'Semillero App', 'Desarrollo de apps educativas', 'ACTIVO', '2025-10-20 20:02:37', '2025-10-20 20:02:37'),
(3, 3, 'Semillero Energía', 'Investigación solar', 'INACTIVO', '2025-10-20 20:02:37', '2025-10-20 20:02:37'),
(4, 4, 'Semillero Ciberseguridad', 'Protección de redes', 'ACTIVO', '2025-10-20 20:02:37', '2025-10-20 20:02:37'),
(5, 5, 'Semillero Robótica', 'Robótica aplicada a la educación', 'ACTIVO', '2025-10-20 20:02:37', '2025-10-20 20:02:37');

-- --------------------------------------------------------

--
-- Estructura de tabla para la tabla `grupo_aprendices`
--

CREATE TABLE `grupo_aprendices` (
  `id_grupo_aprendiz` int(10) UNSIGNED NOT NULL,
  `id_grupo` int(10) UNSIGNED NOT NULL,
  `id_aprendiz` bigint(20) UNSIGNED NOT NULL,
  `fecha_ingreso` date DEFAULT curdate(),
  `activo` tinyint(1) DEFAULT 1
) ENGINE=InnoDB DEFAULT CHARSET=utf8mb4 COLLATE=utf8mb4_unicode_ci;

-- --------------------------------------------------------

--
-- Estructura de tabla para la tabla `jobs`
--

CREATE TABLE `jobs` (
  `id` bigint(20) UNSIGNED NOT NULL,
  `queue` varchar(255) NOT NULL,
  `payload` longtext NOT NULL,
  `attempts` tinyint(3) UNSIGNED NOT NULL,
  `reserved_at` int(10) UNSIGNED DEFAULT NULL,
  `available_at` int(10) UNSIGNED NOT NULL,
  `created_at` int(10) UNSIGNED NOT NULL
) ENGINE=InnoDB DEFAULT CHARSET=utf8mb4 COLLATE=utf8mb4_unicode_ci;

-- --------------------------------------------------------

--
-- Estructura de tabla para la tabla `job_batches`
--

CREATE TABLE `job_batches` (
  `id` varchar(255) NOT NULL,
  `name` varchar(255) NOT NULL,
  `total_jobs` int(11) NOT NULL,
  `pending_jobs` int(11) NOT NULL,
  `failed_jobs` int(11) NOT NULL,
  `failed_job_ids` longtext NOT NULL,
  `options` mediumtext DEFAULT NULL,
  `cancelled_at` int(11) DEFAULT NULL,
  `created_at` int(11) NOT NULL,
  `finished_at` int(11) DEFAULT NULL
) ENGINE=InnoDB DEFAULT CHARSET=utf8mb4 COLLATE=utf8mb4_unicode_ci;

-- --------------------------------------------------------

--
-- Estructura de tabla para la tabla `lideres_semillero`
--

CREATE TABLE `lideres_semillero` (
  `id_lider_semi` bigint(20) UNSIGNED NOT NULL,
  `nombre_completo` varchar(120) NOT NULL,
  `tipo_documento` varchar(5) DEFAULT NULL,
  `documento` varchar(40) NOT NULL,
  `correo_institucional` varchar(160) DEFAULT NULL,
  `creado_en` timestamp NOT NULL DEFAULT current_timestamp(),
  `actualizado_en` timestamp NOT NULL DEFAULT current_timestamp() ON UPDATE current_timestamp(),
  `id_tipo_documento` int(11) DEFAULT NULL
) ENGINE=InnoDB DEFAULT CHARSET=utf8mb4 COLLATE=utf8mb4_unicode_ci;


-- --------------------------------------------------------

--
-- Estructura de tabla para la tabla `lider_general`
--

CREATE TABLE `lider_general` (
  `actualizado_en` timestamp NOT NULL DEFAULT current_timestamp() ON UPDATE current_timestamp(),
  `Correo_institucional` varchar(120) NOT NULL
) ENGINE=InnoDB DEFAULT CHARSET=utf8mb4 COLLATE=utf8mb4_unicode_ci;

----------------

--
-- Estructura de tabla para la tabla `migrations`
--

CREATE TABLE `migrations` (
  `id` int(10) UNSIGNED NOT NULL,
  `migration` varchar(255) NOT NULL,
  `batch` int(11) NOT NULL
) ENGINE=InnoDB DEFAULT CHARSET=utf8mb4 COLLATE=utf8mb4_unicode_ci;

--
-- Volcado de datos para la tabla `migrations`
--

INSERT INTO `migrations` (`id`, `migration`, `batch`) VALUES
(1, '0001_01_01_000000_create_users_table', 1),
(2, '0001_01_01_000001_create_cache_table', 1),
(3, '0001_01_01_000002_create_jobs_table', 1),
(4, '2025_10_15_152741_create_administradores_table', 2),
(5, '2025_10_15_152742_create_lideres_generales_table', 2),


-- --------------------------------------------------------

--
-- Estructura de tabla para la tabla `password_reset_tokens`
--

CREATE TABLE `password_reset_tokens` (
  `email` varchar(255) NOT NULL,
  `token` varchar(255) NOT NULL,
  `created_at` timestamp NULL DEFAULT NULL
) ENGINE=InnoDB DEFAULT CHARSET=utf8mb4 COLLATE=utf8mb4_unicode_ci;

-- --------------------------------------------------------

--
-- Estructura de tabla para la tabla `proyectos`
--

CREATE TABLE `proyectos` (
  `id_proyecto` int(10) UNSIGNED NOT NULL,
  `id_semillero` int(10) UNSIGNED NOT NULL,
  `id_tipo_proyecto` tinyint(3) UNSIGNED NOT NULL,
  `nombre_proyecto` varchar(200) NOT NULL,
  `descripcion` text DEFAULT NULL,
  `estado` enum('EN_FORMULACION','EN_EJECUCION','FINALIZADO','ARCHIVADO') DEFAULT 'EN_FORMULACION',
  `fecha_inicio` date DEFAULT NULL,
  `fecha_fin` date DEFAULT NULL,
  `creado_en` timestamp NOT NULL DEFAULT current_timestamp(),
  `actualizado_en` timestamp NOT NULL DEFAULT current_timestamp() ON UPDATE current_timestamp()
) ENGINE=InnoDB DEFAULT CHARSET=utf8mb4 COLLATE=utf8mb4_unicode_ci;

--
-- Volcado de datos para la tabla `proyectos`
--

INSERT INTO `proyectos` (`id_proyecto`, `id_semillero`, `id_tipo_proyecto`, `nombre_proyecto`, `descripcion`, `estado`, `fecha_inicio`, `fecha_fin`, `creado_en`, `actualizado_en`) VALUES
(1, 1, 1, 'IA para Agricultura', 'Proyecto de optimización de cultivos mediante IA', 'EN_EJECUCION', '2025-01-01', NULL, '2025-10-20 20:02:22', '2025-10-20 20:02:22'),
(2, 2, 1, 'App de Aprendizaje SENA', 'Aplicación para gestión de aprendizajes', 'EN_FORMULACION', '2025-02-01', NULL, '2025-10-20 20:02:22', '2025-10-20 20:02:22'),
(3, 3, 1, 'Sistema de Energía Solar', 'Investigación en paneles solares', 'FINALIZADO', '2024-09-01', '2025-02-01', '2025-10-20 20:02:22', '2025-10-20 20:02:22'),
(4, 4, 1, 'Monitor de Ciberseguridad', 'Monitoreo de redes locales', 'EN_EJECUCION', '2025-03-01', NULL, '2025-10-20 20:02:22', '2025-10-20 20:02:22'),
(5, 5, 1, 'Robot Educativo', 'Robot con sensores para enseñanza STEAM', 'EN_FORMULACION', '2025-04-01', NULL, '2025-10-20 20:02:22', '2025-10-20 20:02:22');

-- --------------------------------------------------------

--
-- Estructura de tabla para la tabla `semilleros`
--

CREATE TABLE `semilleros` (
  `id_semillero` bigint(20) UNSIGNED NOT NULL,
  `created_at` timestamp NULL DEFAULT NULL,
  `updated_at` timestamp NULL DEFAULT NULL
) ENGINE=InnoDB DEFAULT CHARSET=utf8mb4 COLLATE=utf8mb4_unicode_ci;

--
-- Volcado de datos para la tabla `semilleros`
--

INSERT INTO `semilleros` (`id_semillero`, `created_at`, `updated_at`) VALUES
(1, '2025-10-20 20:02:13', '2025-10-20 20:02:13'),
(2, '2025-10-20 20:02:13', '2025-10-20 20:02:13'),
(3, '2025-10-20 20:02:13', '2025-10-20 20:02:13'),
(4, '2025-10-20 20:02:13', '2025-10-20 20:02:13');

-- --------------------------------------------------------

--
-- Estructura de tabla para la tabla `sessions`
--

CREATE TABLE `sessions` (
  `id` varchar(255) NOT NULL,
  `user_id` bigint(20) UNSIGNED DEFAULT NULL,
  `ip_address` varchar(45) DEFAULT NULL,
  `user_agent` text DEFAULT NULL,
  `payload` longtext NOT NULL,
  `last_activity` int(11) NOT NULL
) ENGINE=InnoDB DEFAULT CHARSET=utf8mb4 COLLATE=utf8mb4_unicode_ci;

--
-- Volcado de datos para la tabla `sessions`
--

- --------------------------------------------------------

--
-- Estructura de tabla para la tabla `users`
--

CREATE TABLE `users` (
  `id` bigint(20) UNSIGNED NOT NULL,
  `name` varchar(255) NOT NULL,
  `apellidos` varchar(120) DEFAULT NULL,
  `email` varchar(255) NOT NULL,
  `email_verified_at` timestamp NULL DEFAULT NULL,
  `password` varchar(255) NOT NULL,
  `role` varchar(255) NOT NULL DEFAULT 'APRENDIZ',
  `remember_token` varchar(100) DEFAULT NULL,
  `created_at` timestamp NULL DEFAULT NULL,
  `updated_at` timestamp NULL DEFAULT NULL
) ENGINE=InnoDB DEFAULT CHARSET=utf8mb4 COLLATE=utf8mb4_unicode_ci;

--
-- Volcado de datos para la tabla `users`
--


--
-- Índices para tablas volcadas
--

--
-- Indices de la tabla `administradores`
--
ALTER TABLE `administradores`
  ADD PRIMARY KEY (`id_usuario`);

--
-- Indices de la tabla `aprendices`
--
ALTER TABLE `aprendices`
  ADD PRIMARY KEY (`id_aprendiz`),
  ADD UNIQUE KEY `uk_aprendiz_usuario` (`id_usuario`),
  ADD KEY `idx_documento` (`documento`),
  ADD KEY `idx_ficha` (`ficha`),
  ADD KEY `idx_correo_institucional` (`correo_institucional`);

--
-- Indices de la tabla `aprendiz_proyecto`
--
ALTER TABLE `aprendiz_proyecto`
  ADD PRIMARY KEY (`id_aprendiz`,`id_proyecto`),
  ADD KEY `id_proyecto` (`id_proyecto`);

--
-- Indices de la tabla `cache`
--
ALTER TABLE `cache`
  ADD PRIMARY KEY (`key`);

--
-- Indices de la tabla `cache_locks`
--
ALTER TABLE `cache_locks`
  ADD PRIMARY KEY (`key`);

--
-- Indices de la tabla `documentos`
--
ALTER TABLE `documentos`
  ADD PRIMARY KEY (`id_documento`),
  ADD KEY `fk_documento_proyecto` (`id_proyecto`);

--
-- Indices de la tabla `failed_jobs`
--
ALTER TABLE `failed_jobs`
  ADD PRIMARY KEY (`id`),
  ADD UNIQUE KEY `failed_jobs_uuid_unique` (`uuid`);

--
-- Indices de la tabla `grupos`
--
ALTER TABLE `grupos`
  ADD PRIMARY KEY (`id_grupo`),
  ADD UNIQUE KEY `id_proyecto` (`id_proyecto`);

--
-- Indices de la tabla `grupo_aprendices`
--
ALTER TABLE `grupo_aprendices`
  ADD PRIMARY KEY (`id_grupo_aprendiz`),
  ADD UNIQUE KEY `uq_grupo_aprendiz` (`id_grupo`,`id_aprendiz`),
  ADD KEY `fk_ga_aprendiz_perfil` (`id_aprendiz`);

--
-- Indices de la tabla `jobs`
--
ALTER TABLE `jobs`
  ADD PRIMARY KEY (`id`),
  ADD KEY `jobs_queue_index` (`queue`);

--
-- Indices de la tabla `job_batches`
--
ALTER TABLE `job_batches`
  ADD PRIMARY KEY (`id`);

--
-- Indices de la tabla `lideres_semillero`
--
ALTER TABLE `lideres_semillero`
  ADD PRIMARY KEY (`id_lider_semi`);

--
-- Indices de la tabla `lider_general`
--
ALTER TABLE `lider_general`
  ADD PRIMARY KEY (`id_lidergen`);

--
-- Indices de la tabla `migrations`
--
ALTER TABLE `migrations`
  ADD PRIMARY KEY (`id`);

--
-- Indices de la tabla `password_reset_tokens`
--
ALTER TABLE `password_reset_tokens`
  ADD PRIMARY KEY (`email`);

--
-- Indices de la tabla `proyectos`
--
ALTER TABLE `proyectos`
  ADD PRIMARY KEY (`id_proyecto`),
  ADD KEY `fk_proyecto_semillero` (`id_semillero`),
  ADD KEY `fk_proyecto_tipo` (`id_tipo_proyecto`);

--
-- Indices de la tabla `semilleros`
--
ALTER TABLE `semilleros`
  ADD PRIMARY KEY (`id_semillero`);

--
-- Indices de la tabla `sessions`
--
ALTER TABLE `sessions`
  ADD PRIMARY KEY (`id`),
  ADD KEY `sessions_user_id_index` (`user_id`),
  ADD KEY `sessions_last_activity_index` (`last_activity`);

--
-- Indices de la tabla `users`
--
ALTER TABLE `users`
  ADD PRIMARY KEY (`id`),
  ADD UNIQUE KEY `users_email_unique` (`email`);

--
-- AUTO_INCREMENT de las tablas volcadas
--

--
-- AUTO_INCREMENT de la tabla `documentos`
--
ALTER TABLE `documentos`
  MODIFY `id_documento` int(10) UNSIGNED NOT NULL AUTO_INCREMENT, AUTO_INCREMENT=6;

--
-- AUTO_INCREMENT de la tabla `failed_jobs`
--
ALTER TABLE `failed_jobs`
  MODIFY `id` bigint(20) UNSIGNED NOT NULL AUTO_INCREMENT;

--
-- AUTO_INCREMENT de la tabla `grupos`
--
ALTER TABLE `grupos`
  MODIFY `id_grupo` int(10) UNSIGNED NOT NULL AUTO_INCREMENT, AUTO_INCREMENT=6;

--
-- AUTO_INCREMENT de la tabla `grupo_aprendices`
--
ALTER TABLE `grupo_aprendices`
  MODIFY `id_grupo_aprendiz` int(10) UNSIGNED NOT NULL AUTO_INCREMENT, AUTO_INCREMENT=7;

--
-- AUTO_INCREMENT de la tabla `jobs`
--
ALTER TABLE `jobs`
  MODIFY `id` bigint(20) UNSIGNED NOT NULL AUTO_INCREMENT;

--
-- AUTO_INCREMENT de la tabla `migrations`
--
ALTER TABLE `migrations`

-- AUTO_INCREMENT de la tabla `proyectos`
--
ALTER TABLE `proyectos`
  MODIFY `id_proyecto` int(10) UNSIGNED NOT NULL AUTO_INCREMENT, AUTO_INCREMENT=6;

--
-- AUTO_INCREMENT de la tabla `semilleros`
--
ALTER TABLE `semilleros`
  MODIFY `id_semillero` bigint(20) UNSIGNED NOT NULL AUTO_INCREMENT, AUTO_INCREMENT=6;

--
-- AUTO_INCREMENT de la tabla `users`


--
-- Restricciones para tablas volcadas
--

--
-- Filtros para la tabla `administradores`
--
ALTER TABLE `administradores`
  ADD CONSTRAINT `administradores_id_usuario_foreign` FOREIGN KEY (`id_usuario`) REFERENCES `users` (`id`) ON DELETE CASCADE ON UPDATE CASCADE;

--
-- Filtros para la tabla `aprendices`
--
ALTER TABLE `aprendices`
  ADD CONSTRAINT `fk_aprendices_users` FOREIGN KEY (`id_usuario`) REFERENCES `users` (`id`) ON DELETE CASCADE ON UPDATE CASCADE;

--
-- Filtros para la tabla `aprendiz_proyecto`
--
ALTER TABLE `aprendiz_proyecto`
  ADD CONSTRAINT `aprendiz_proyecto_ibfk_2` FOREIGN KEY (`id_proyecto`) REFERENCES `proyectos` (`id_proyecto`) ON DELETE CASCADE ON UPDATE CASCADE;

--
-- Filtros para la tabla `grupo_aprendices`
--
ALTER TABLE `grupo_aprendices`
  ADD CONSTRAINT `fk_ga_aprendiz` FOREIGN KEY (`id_aprendiz`) REFERENCES `aprendices` (`id_aprendiz`) ON DELETE CASCADE ON UPDATE CASCADE,
  ADD CONSTRAINT `fk_ga_grupo` FOREIGN KEY (`id_grupo`) REFERENCES `grupos` (`id_grupo`);

--
-- Filtros para la tabla `lideres_semillero`
--
ALTER TABLE `lideres_semillero`
  ADD CONSTRAINT `fk_lideres_semillero_users` FOREIGN KEY (`id_lider_semi`) REFERENCES `users` (`id`) ON DELETE CASCADE ON UPDATE CASCADE;

--
-- Filtros para la tabla `lider_general`
--
ALTER TABLE `lider_general`
  ADD CONSTRAINT `lideres_generales_id_usuario_foreign` FOREIGN KEY (`id_lidergen`) REFERENCES `users` (`id`) ON DELETE CASCADE ON UPDATE CASCADE;
COMMIT;

/*!40101 SET CHARACTER_SET_CLIENT=@OLD_CHARACTER_SET_CLIENT */;
/*!40101 SET CHARACTER_SET_RESULTS=@OLD_CHARACTER_SET_RESULTS */;
/*!40101 SET COLLATION_CONNECTION=@OLD_COLLATION_CONNECTION */;
